Condition,Pre
CEREB,303461
CEREB,401381
CEREB,607391
CEREB,701501
CEREB,1305551
CEREB,1403501
CEREB,1505521
CEREB,1507391
CEREB,1808421
CEREB,2207451
CEREB,2306551
CEREB,2405461
CEREB,2509511
CEREB,1903561
DLPFC,304451
DLPFC,411451
DLPFC,503521
DLPFC,510511
DLPFC,601441
DLPFC,1001451
DLPFC,1003451
DLPFC,1603521
DLPFC,2110431
DLPFC,1604521
DLPFC,2404471
DLPFC,2908541
DLPFC,2606521
DLPFC,2101491
SHAM,204501
SHAM,304411
SHAM,405521
SHAM,603481
SHAM,1105561
SHAM,1604411
SHAM,1610481
SHAM,2412511
SHAM,1712391
SHAM,2508531
SHAM,1002391
SHAM,2503481
SHAM,806501
SHAM,2509461
WL,111501
WL,802551
WL,1111461
WL,1112461
WL,2503531
WL,1601491
WL,1812451
WL,2307441
WL,2705481
WL,1408441
WL,307381
WL,307511
WL,1801411
WL,606471
WL,1803461
